{"name":"8ce213f1-8e34-4f23-9469-1af806b745a6","id":"/providers/Microsoft.Flow/flows/8ce213f1-8e34-4f23-9469-1af806b745a6","type":"Microsoft.Flow/flows","properties":{"apiId":"/providers/Microsoft.PowerApps/apis/shared_logicflows","displayName":"Power MVP - Get All Tweets - Twitter API","definition":{"metadata":{"workflowEntityId":null,"creator":{"id":"4938a8f3-b717-46cd-825c-db004d0829a3","type":"User","tenantId":"1f9dd2c8-37b8-4f22-a0fd-6f20f116e3db"},"provisioningMethod":"FromDefinition","failureAlertSubscription":true,"clientLastModifiedTime":"2020-03-11T19:45:23.9801853Z"},"$schema":"https://schema.management.azure.com/providers/Microsoft.Logic/schemas/2016-06-01/workflowdefinition.json#","contentVersion":"1.0.0.0","parameters":{"$authentication":{"defaultValue":{},"type":"SecureObject"}},"triggers":{"manual":{"type":"Request","kind":"PowerApp","inputs":{"schema":{"type":"object","properties":{"APIKey_Inputs":{"type":"any","description":"Inputs","x-ms-powerflows-param-ispartial":false},"APISecretKey_Inputs":{"type":"any","description":"Inputs","x-ms-powerflows-param-ispartial":false},"Startdate_Inputs":{"type":"any","description":"Inputs","x-ms-powerflows-param-ispartial":false},"EndDate_Inputs":{"type":"any","description":"Inputs","x-ms-powerflows-param-ispartial":false},"TwitterHandle_Inputs":{"type":"any","description":"Inputs","x-ms-powerflows-param-ispartial":false}},"required":["APIKey_Inputs","APISecretKey_Inputs","Startdate_Inputs","EndDate_Inputs","TwitterHandle_Inputs"]}}}},"actions":{"HTTP":{"runAfter":{"Compose":["Succeeded"]},"type":"Http","inputs":{"method":"POST","uri":"https://api.twitter.com/oauth2/token","headers":{"Authorization":"Basic @{outputs('Compose')}","Content-type":"application/x-www-form-urlencoded;charset=UTF-8"},"body":"grant_type=client_credentials"}},"Compose":{"runAfter":{"End_Date":["Succeeded"]},"type":"Compose","inputs":"@base64(concat(outputs('API_Key'),':',outputs('API_Secret_Key')))"},"Get_Tweets":{"runAfter":{"HTTP":["Succeeded"]},"type":"Http","inputs":{"method":"GET","uri":"https://api.twitter.com/1.1/statuses/user_timeline.json?screen_name=@{outputs('Twitter_Handle')}&include_rts=false&exclude_replies=true&count=200&tweet_mode=extended","headers":{"Authorization":"Bearer @{body('HTTP')['access_token']}"}}},"Initialize_variable":{"runAfter":{"Get_Tweets":["Succeeded"]},"type":"InitializeVariable","inputs":{"variables":[{"name":"TweetList","type":"Array","value":"@body('Get_Tweets')"}]}},"Initialize_variable_2":{"runAfter":{"Initialize_variable":["Succeeded"]},"type":"InitializeVariable","inputs":{"variables":[{"name":"lastTweet","type":"Integer","value":"@last(variables('TweetList'))['id']"}]}},"Do_until":{"actions":{"Set_variable":{"runAfter":{"Set_variable_2":["Succeeded"]},"type":"SetVariable","inputs":{"name":"lastTweet","value":"@last(body('Get_more_tweets'))['id']"}},"Get_more_tweets":{"runAfter":{},"type":"Http","inputs":{"method":"GET","uri":"https://api.twitter.com/1.1/statuses/user_timeline.json?screen_name=@{outputs('Twitter_Handle')}&include_rts=true&exclude_replies=false&count=200&max_id=@{variables('lastTweet')}&tweet_mode=extended","headers":{"Authorization":"Bearer @{body('HTTP')['access_token']}"}}},"Set_variable_2":{"runAfter":{"Compose_2":["Succeeded"]},"type":"SetVariable","inputs":{"name":"TweetList","value":"@union(outputs('Compose_2'),body('Get_more_tweets'))"}},"Compose_2":{"runAfter":{"Get_more_tweets":["Succeeded"]},"type":"Compose","inputs":"@variables('TweetList')"}},"runAfter":{"Last_tweet's_publish_date":["Succeeded"]},"expression":"@less(ticks(concat(substring(last(body('Get_more_tweets'))['created_at'], 0, 10), ' ', substring(last(body('Get_more_tweets'))['created_at'], 26, 4), ' ', substring(last(body('Get_more_tweets'))['created_at'], 11, 8))), ticks(outputs('Start_date')))","limit":{"count":60,"timeout":"PT1H"},"type":"Until"},"Response":{"runAfter":{"Do_until":["Succeeded"]},"type":"Response","kind":"Http","inputs":{"statusCode":200,"body":"@variables('TweetList')","schema":{"type":"array","items":{"type":"object","properties":{"created_at":{"type":"string"},"id":{"type":"integer"},"id_str":{"type":"string"},"full_text":{"type":"string"},"truncated":{"type":"boolean"},"entities":{"type":"object","properties":{"hashtags":{"type":"array"},"symbols":{"type":"array"},"user_mentions":{"type":"array","items":{"type":"object","properties":{"screen_name":{"type":"string"},"name":{"type":"string"},"id":{"type":"integer"},"id_str":{"type":"string"},"indices":{"type":"array","items":{"type":"integer"}}},"required":["screen_name","name","id","id_str","indices"]}},"urls":{"type":"array"},"media":{"type":"array","items":{"type":"object","properties":{"id":{"type":"integer"},"id_str":{"type":"string"},"indices":{"type":"array","items":{"type":"integer"}},"media_url":{"type":"string"},"media_url_https":{"type":"string"},"url":{"type":"string"},"display_url":{"type":"string"},"expanded_url":{"type":"string"},"type":{"type":"string"},"sizes":{"type":"object","properties":{"small":{"type":"object","properties":{"w":{"type":"integer"},"h":{"type":"integer"},"resize":{"type":"string"}}},"thumb":{"type":"object","properties":{"w":{"type":"integer"},"h":{"type":"integer"},"resize":{"type":"string"}}},"medium":{"type":"object","properties":{"w":{"type":"integer"},"h":{"type":"integer"},"resize":{"type":"string"}}},"large":{"type":"object","properties":{"w":{"type":"integer"},"h":{"type":"integer"},"resize":{"type":"string"}}}}},"source_status_id":{"type":"integer"},"source_status_id_str":{"type":"string"},"source_user_id":{"type":"integer"},"source_user_id_str":{"type":"string"}},"required":["id","id_str","indices","media_url","media_url_https","url","display_url","expanded_url","type","sizes","source_status_id","source_status_id_str","source_user_id","source_user_id_str"]}}}},"extended_entities":{"type":"object","properties":{"media":{"type":"array","items":{"type":"object","properties":{"id":{"type":"integer"},"id_str":{"type":"string"},"indices":{"type":"array","items":{"type":"integer"}},"media_url":{"type":"string"},"media_url_https":{"type":"string"},"url":{"type":"string"},"display_url":{"type":"string"},"expanded_url":{"type":"string"},"type":{"type":"string"},"sizes":{"type":"object","properties":{"large":{"type":"object","properties":{"w":{"type":"integer"},"h":{"type":"integer"},"resize":{"type":"string"}}},"thumb":{"type":"object","properties":{"w":{"type":"integer"},"h":{"type":"integer"},"resize":{"type":"string"}}},"medium":{"type":"object","properties":{"w":{"type":"integer"},"h":{"type":"integer"},"resize":{"type":"string"}}},"small":{"type":"object","properties":{"w":{"type":"integer"},"h":{"type":"integer"},"resize":{"type":"string"}}}}},"source_status_id":{"type":"integer"},"source_status_id_str":{"type":"string"},"source_user_id":{"type":"integer"},"source_user_id_str":{"type":"string"},"video_info":{"type":"object","properties":{"aspect_ratio":{"type":"array","items":{"type":"integer"}},"duration_millis":{"type":"integer"},"variants":{"type":"array","items":{"type":"object","properties":{"bitrate":{"type":"integer"},"content_type":{"type":"string"},"url":{"type":"string"}},"required":["content_type","url"]}}}},"additional_media_info":{"type":"object","properties":{"monetizable":{"type":"boolean"},"source_user":{"type":"object","properties":{"id":{"type":"integer"},"id_str":{"type":"string"},"name":{"type":"string"},"screen_name":{"type":"string"},"location":{"type":"string"},"description":{"type":"string"},"url":{"type":"string"},"entities":{"type":"object","properties":{"description":{"type":"object","properties":{"urls":{"type":"array"}}}}},"protected":{"type":"boolean"},"followers_count":{"type":"integer"},"friends_count":{"type":"integer"},"listed_count":{"type":"integer"},"created_at":{"type":"string"},"favourites_count":{"type":"integer"},"utc_offset":{"type":"string"},"time_zone":{"type":"string"},"geo_enabled":{"type":"boolean"},"verified":{"type":"boolean"},"statuses_count":{"type":"integer"},"lang":{"type":"string"},"contributors_enabled":{"type":"boolean"},"is_translator":{"type":"boolean"},"is_translation_enabled":{"type":"boolean"},"profile_background_color":{"type":"string"},"profile_background_image_url":{"type":"string"},"profile_background_image_url_https":{"type":"string"},"profile_background_tile":{"type":"boolean"},"profile_image_url":{"type":"string"},"profile_image_url_https":{"type":"string"},"profile_banner_url":{"type":"string"},"profile_link_color":{"type":"string"},"profile_sidebar_border_color":{"type":"string"},"profile_sidebar_fill_color":{"type":"string"},"profile_text_color":{"type":"string"},"profile_use_background_image":{"type":"boolean"},"has_extended_profile":{"type":"boolean"},"default_profile":{"type":"boolean"},"default_profile_image":{"type":"boolean"},"following":{"type":"string"},"follow_request_sent":{"type":"string"},"notifications":{"type":"string"},"translator_type":{"type":"string"}}}}}},"required":["id","id_str","indices","media_url","media_url_https","url","display_url","expanded_url","type","sizes","source_status_id","source_status_id_str","source_user_id","source_user_id_str","video_info","additional_media_info"]}}}},"source":{"type":"string"},"in_reply_to_status_id":{"type":"string"},"in_reply_to_status_id_str":{"type":"string"},"in_reply_to_user_id":{"type":"string"},"in_reply_to_user_id_str":{"type":"string"},"in_reply_to_screen_name":{"type":"string"},"user":{"type":"object","properties":{"id":{"type":"integer"},"id_str":{"type":"string"},"name":{"type":"string"},"screen_name":{"type":"string"},"location":{"type":"string"},"description":{"type":"string"},"url":{"type":"string"},"entities":{"type":"object","properties":{"url":{"type":"object","properties":{"urls":{"type":"array","items":{"type":"object","properties":{"url":{"type":"string"},"expanded_url":{"type":"string"},"display_url":{"type":"string"},"indices":{"type":"array","items":{"type":"integer"}}},"required":["url","expanded_url","display_url","indices"]}}}},"description":{"type":"object","properties":{"urls":{"type":"array"}}}}},"protected":{"type":"boolean"},"followers_count":{"type":"integer"},"friends_count":{"type":"integer"},"listed_count":{"type":"integer"},"created_at":{"type":"string"},"favourites_count":{"type":"integer"},"utc_offset":{"type":"string"},"time_zone":{"type":"string"},"geo_enabled":{"type":"boolean"},"verified":{"type":"boolean"},"statuses_count":{"type":"integer"},"lang":{"type":"string"},"contributors_enabled":{"type":"boolean"},"is_translator":{"type":"boolean"},"is_translation_enabled":{"type":"boolean"},"profile_background_color":{"type":"string"},"profile_background_image_url":{"type":"string"},"profile_background_image_url_https":{"type":"string"},"profile_background_tile":{"type":"boolean"},"profile_image_url":{"type":"string"},"profile_image_url_https":{"type":"string"},"profile_banner_url":{"type":"string"},"profile_link_color":{"type":"string"},"profile_sidebar_border_color":{"type":"string"},"profile_sidebar_fill_color":{"type":"string"},"profile_text_color":{"type":"string"},"profile_use_background_image":{"type":"boolean"},"has_extended_profile":{"type":"boolean"},"default_profile":{"type":"boolean"},"default_profile_image":{"type":"boolean"},"following":{"type":"string"},"follow_request_sent":{"type":"string"},"notifications":{"type":"string"},"translator_type":{"type":"string"}}},"geo":{"type":"string"},"coordinates":{"type":"string"},"place":{"type":"string"},"contributors":{"type":"string"},"retweeted_status":{"type":"object","properties":{"created_at":{"type":"string"},"id":{"type":"integer"},"id_str":{"type":"string"},"truncated":{"type":"boolean"},"entities":{"type":"object","properties":{"hashtags":{"type":"array"},"symbols":{"type":"array"},"user_mentions":{"type":"array"},"urls":{"type":"array"},"media":{"type":"array","items":{"type":"object","properties":{"id":{"type":"integer"},"id_str":{"type":"string"},"indices":{"type":"array","items":{"type":"integer"}},"media_url":{"type":"string"},"media_url_https":{"type":"string"},"url":{"type":"string"},"display_url":{"type":"string"},"expanded_url":{"type":"string"},"type":{"type":"string"},"sizes":{"type":"object","properties":{"thumb":{"type":"object","properties":{"w":{"type":"integer"},"h":{"type":"integer"},"resize":{"type":"string"}}},"medium":{"type":"object","properties":{"w":{"type":"integer"},"h":{"type":"integer"},"resize":{"type":"string"}}},"small":{"type":"object","properties":{"w":{"type":"integer"},"h":{"type":"integer"},"resize":{"type":"string"}}},"large":{"type":"object","properties":{"w":{"type":"integer"},"h":{"type":"integer"},"resize":{"type":"string"}}}}}},"required":["id","id_str","indices","media_url","media_url_https","url","display_url","expanded_url","type","sizes"]}}}},"source":{"type":"string"},"in_reply_to_status_id":{"type":"string"},"in_reply_to_status_id_str":{"type":"string"},"in_reply_to_user_id":{"type":"string"},"in_reply_to_user_id_str":{"type":"string"},"in_reply_to_screen_name":{"type":"string"},"user":{"type":"object","properties":{"id":{"type":"integer"},"id_str":{"type":"string"},"name":{"type":"string"},"screen_name":{"type":"string"},"location":{"type":"string"},"description":{"type":"string"},"url":{"type":"string"},"entities":{"type":"object","properties":{"description":{"type":"object","properties":{"urls":{"type":"array"}}}}},"protected":{"type":"boolean"},"followers_count":{"type":"integer"},"friends_count":{"type":"integer"},"listed_count":{"type":"integer"},"created_at":{"type":"string"},"favourites_count":{"type":"integer"},"utc_offset":{"type":"string"},"time_zone":{"type":"string"},"geo_enabled":{"type":"boolean"},"verified":{"type":"boolean"},"statuses_count":{"type":"integer"},"lang":{"type":"string"},"contributors_enabled":{"type":"boolean"},"is_translator":{"type":"boolean"},"is_translation_enabled":{"type":"boolean"},"profile_background_color":{"type":"string"},"profile_background_image_url":{"type":"string"},"profile_background_image_url_https":{"type":"string"},"profile_background_tile":{"type":"boolean"},"profile_image_url":{"type":"string"},"profile_image_url_https":{"type":"string"},"profile_banner_url":{"type":"string"},"profile_link_color":{"type":"string"},"profile_sidebar_border_color":{"type":"string"},"profile_sidebar_fill_color":{"type":"string"},"profile_text_color":{"type":"string"},"profile_use_background_image":{"type":"boolean"},"has_extended_profile":{"type":"boolean"},"default_profile":{"type":"boolean"},"default_profile_image":{"type":"boolean"},"following":{"type":"string"},"follow_request_sent":{"type":"string"},"notifications":{"type":"string"},"translator_type":{"type":"string"}}},"geo":{"type":"string"},"coordinates":{"type":"string"},"place":{"type":"string"},"contributors":{"type":"string"},"is_quote_status":{"type":"boolean"},"retweet_count":{"type":"integer"},"favorite_count":{"type":"integer"},"favorited":{"type":"boolean"},"retweeted":{"type":"boolean"},"possibly_sensitive":{"type":"boolean"},"lang":{"type":"string"},"full_text":{"type":"string"},"display_text_range":{"type":"array","items":{"type":"integer"}},"extended_entities":{"type":"object","properties":{"media":{"type":"array","items":{"type":"object","properties":{"id":{"type":"integer"},"id_str":{"type":"string"},"indices":{"type":"array","items":{"type":"integer"}},"media_url":{"type":"string"},"media_url_https":{"type":"string"},"url":{"type":"string"},"display_url":{"type":"string"},"expanded_url":{"type":"string"},"type":{"type":"string"},"sizes":{"type":"object","properties":{"thumb":{"type":"object","properties":{"w":{"type":"integer"},"h":{"type":"integer"},"resize":{"type":"string"}}},"medium":{"type":"object","properties":{"w":{"type":"integer"},"h":{"type":"integer"},"resize":{"type":"string"}}},"small":{"type":"object","properties":{"w":{"type":"integer"},"h":{"type":"integer"},"resize":{"type":"string"}}},"large":{"type":"object","properties":{"w":{"type":"integer"},"h":{"type":"integer"},"resize":{"type":"string"}}}}},"video_info":{"type":"object","properties":{"aspect_ratio":{"type":"array","items":{"type":"integer"}},"duration_millis":{"type":"integer"},"variants":{"type":"array","items":{"type":"object","properties":{"bitrate":{"type":"integer"},"content_type":{"type":"string"},"url":{"type":"string"}},"required":["content_type","url"]}}}},"additional_media_info":{"type":"object","properties":{"monetizable":{"type":"boolean"}}}},"required":["id","id_str","indices","media_url","media_url_https","url","display_url","expanded_url","type","sizes","video_info","additional_media_info"]}}}}}},"is_quote_status":{"type":"boolean"},"retweet_count":{"type":"integer"},"favorite_count":{"type":"integer"},"favorited":{"type":"boolean"},"retweeted":{"type":"boolean"},"lang":{"type":"string"},"display_text_range":{"type":"array","items":{"type":"integer"}},"possibly_sensitive":{"type":"boolean"}},"required":["created_at","id","id_str","full_text","truncated","display_text_range","entities","extended_entities","source","in_reply_to_status_id","in_reply_to_status_id_str","in_reply_to_user_id","in_reply_to_user_id_str","in_reply_to_screen_name","user","geo","coordinates","place","contributors","retweeted_status","is_quote_status","retweet_count","favorite_count","favorited","retweeted","possibly_sensitive","lang"]}}}},"API_Key":{"runAfter":{"Twitter_Handle":["Succeeded"]},"type":"Compose","inputs":"@triggerBody()['APIKey_Inputs']"},"API_Secret_Key":{"runAfter":{"API_Key":["Succeeded"]},"type":"Compose","inputs":"@triggerBody()['APISecretKey_Inputs']"},"Start_date":{"runAfter":{"API_Secret_Key":["Succeeded"]},"type":"Compose","inputs":"@triggerBody()['Startdate_Inputs']"},"End_Date":{"runAfter":{"Start_date":["Succeeded"]},"type":"Compose","inputs":"@triggerBody()['EndDate_Inputs']"},"Last_tweet's_publish_date":{"runAfter":{"Initialize_variable_2":["Succeeded"]},"type":"Compose","inputs":"@last(variables('TweetList'))['created_at']"},"Twitter_Handle":{"runAfter":{},"type":"Compose","inputs":"@triggerBody()['TwitterHandle_Inputs']"}},"outputs":{}},"connectionReferences":{},"flowFailureAlertSubscribed":false}}