{"name":"fb032716-e760-48ab-96b7-cd52598c3144","id":"/providers/Microsoft.Flow/flows/fb032716-e760-48ab-96b7-cd52598c3144","type":"Microsoft.Flow/flows","properties":{"apiId":"/providers/Microsoft.PowerApps/apis/shared_logicflows","displayName":"Power MVP - Get YT videos details - YouTube API","definition":{"metadata":{"workflowEntityId":null,"creator":{"id":"4938a8f3-b717-46cd-825c-db004d0829a3","type":"User","tenantId":"1f9dd2c8-37b8-4f22-a0fd-6f20f116e3db"},"provisioningMethod":"FromDefinition","failureAlertSubscription":true,"clientLastModifiedTime":"2020-03-09T20:16:37.481118Z"},"$schema":"https://schema.management.azure.com/providers/Microsoft.Logic/schemas/2016-06-01/workflowdefinition.json#","contentVersion":"1.0.0.0","parameters":{"$authentication":{"defaultValue":{},"type":"SecureObject"}},"triggers":{"manual":{"type":"Request","kind":"PowerApp","inputs":{"schema":{"type":"object","properties":{"HTTP_Uri":{"type":"string","format":"uri","description":"Enter request URL. This parameter is used as part of \"uri\"","x-ms-powerflows-param-ispartial":true},"YouTubeAPIKey_Inputs":{"type":"any","description":"Inputs","x-ms-powerflows-param-ispartial":false}},"required":["HTTP_Uri","YouTubeAPIKey_Inputs"]}}}},"actions":{"Get_a_channel's_video_ids":{"runAfter":{"YouTube_API_Key":["Succeeded"]},"type":"Http","inputs":{"method":"GET","uri":"https://www.googleapis.com/youtube/v3/search?part=snippet&channelId=@{triggerBody()['HTTP_Uri']}&maxResults=50&order=date&type=video&fields=items/id/videoId&key=@{outputs('YouTube_API_Key')}"}},"Response":{"runAfter":{"Get_video_details":["Succeeded"]},"type":"Response","kind":"Http","inputs":{"statusCode":200,"body":"@body('Get_video_details')['items']","schema":{"type":"array","items":{"type":"object","properties":{"kind":{"type":"string"},"etag":{"type":"string"},"id":{"type":"string"},"snippet":{"type":"object","properties":{"publishedAt":{"type":"string"},"channelId":{"type":"string"},"title":{"type":"string"},"description":{"type":"string"},"thumbnails":{"type":"object","properties":{"default":{"type":"object","properties":{"url":{"type":"string"},"width":{"type":"number"},"height":{"type":"number"}}},"medium":{"type":"object","properties":{"url":{"type":"string"},"width":{"type":"number"},"height":{"type":"number"}}},"high":{"type":"object","properties":{"url":{"type":"string"},"width":{"type":"number"},"height":{"type":"number"}}},"standard":{"type":"object","properties":{"url":{"type":"string"},"width":{"type":"number"},"height":{"type":"number"}}},"maxres":{"type":"object","properties":{"url":{"type":"string"},"width":{"type":"number"},"height":{"type":"number"}}}}},"channelTitle":{"type":"string"},"tags":{"type":"array","items":{"type":"string"}},"categoryId":{"type":"string"},"liveBroadcastContent":{"type":"string"},"localized":{"type":"object","properties":{"title":{"type":"string"},"description":{"type":"string"}}},"defaultAudioLanguage":{"type":"string"}}},"contentDetails":{"type":"object","properties":{"duration":{"type":"string"},"dimension":{"type":"string"},"definition":{"type":"string"},"caption":{"type":"string"},"licensedContent":{"type":"boolean"},"projection":{"type":"string"}}},"statistics":{"type":"object","properties":{"viewCount":{"type":"string"},"likeCount":{"type":"string"},"dislikeCount":{"type":"string"},"favoriteCount":{"type":"string"},"commentCount":{"type":"string"}}}},"required":["kind","etag","id","snippet","contentDetails","statistics"]}}}},"Get_video_details":{"runAfter":{"Apply_to_each_2":["Succeeded"]},"type":"Http","inputs":{"method":"GET","uri":"https://www.googleapis.com/youtube/v3/videos?part=statistics%2CcontentDetails%2Csnippet&id=@{variables('VideoIDs')}&key=@{outputs('YouTube_API_Key')}"}},"Initialize_variable":{"runAfter":{"Get_a_channel's_video_ids":["Succeeded"]},"type":"InitializeVariable","inputs":{"variables":[{"name":"VideoIDs","type":"String"}]}},"Parse_JSON":{"runAfter":{"Initialize_variable":["Succeeded"]},"type":"ParseJson","inputs":{"content":"@body('Get_a_channel''s_video_ids')['items']","schema":{"type":"array","items":{"type":"object","properties":{"id":{"type":"object","properties":{"videoId":{"type":"string"}}}},"required":["id"]}}}},"Apply_to_each_2":{"foreach":"@body('Parse_JSON')","actions":{"Append_to_string_variable":{"runAfter":{},"type":"AppendToStringVariable","inputs":{"name":"VideoIDs","value":"@{items('Apply_to_each_2')?['id']['videoId']},"}}},"runAfter":{"Parse_JSON":["Succeeded"]},"type":"Foreach"},"YouTube_API_Key":{"runAfter":{},"type":"Compose","inputs":"@triggerBody()['YouTubeAPIKey_Inputs']"}},"outputs":{}},"connectionReferences":{},"flowFailureAlertSubscribed":false}}