{"schemaVersion":"1.0","appDefinitionTemplate":{"id":"/providers/Microsoft.PowerApps/apps/","type":"Microsoft.PowerApps/apps","tags":{"minimumRequiredApiVersion":"2.2.0","primaryDeviceWidth":"1366","primaryDeviceHeight":"768","sienaVersion":"20200309T132454Z-3.20023.0.0","deviceCapabilities":"","supportsPortrait":"false","supportsLandscape":"true","primaryFormFactor":"Tablet","publisherVersion":"3.20023.0","hasComponent":"true","hasUnlockedComponent":"true"},"properties":{"appVersion":"2020-03-09T13:24:54Z","lifeCycleId":"Published","createdByClientVersion":{"major":3,"minor":20023,"build":0,"revision":0,"majorRevision":0,"minorRevision":0},"minClientVersion":{"major":3,"minor":20023,"build":0,"revision":0,"majorRevision":0,"minorRevision":0},"backgroundColor":"rgba(0, 99, 177, 1)","backgroundImageUri":"/16533786252784808727/N57a43eb2-9259-4578-a777-ce1163411139-logoSmallFile","displayName":"Power MVP","description":"Submit MVP content quickly.","commitMessage":"","appUris":{"documentUri":{"value":"/16533786252784808727/Nc90cb0a0-2d81-4fda-b493-38e0a782f404-document.msapp","readonlyValue":"/16533786252784808727/Nc90cb0a0-2d81-4fda-b493-38e0a782f404-document.msapp"},"imageUris":[]},"createdTime":"0001-01-01T00:00:00Z","lastModifiedTime":"0001-01-01T00:00:00Z","sharedGroupsCount":0,"sharedUsersCount":0,"icons":{"smallIconUri":"/16533786252784808727/Nca6bcda0-29ff-422e-af6c-e40efc7e2312-small.png","mediumIconUri":"/16533786252784808727/N6a760655-2d24-4331-98c2-df09d2e78ec7-medium.png","largeIconUri":"/16533786252784808727/N5e9f7492-9af7-4b03-89da-8f26fcb7c722-large.png","wideIconUri":"/16533786252784808727/Na9eb0f4a-a1c8-4d7e-aa40-23b242081926-wide.png"},"connectionReferences":{"d51afdf4-17f9-4683-86c9-23bb7a446f20":{"id":"2724961b-e38f-4197-b47c-3c5d9c4d85ef","displayName":"Logic flows","iconUri":"https://resourcestackdeploy.blob.core.windows.net/scripts/13276078.png","dataSources":["TargetMVP-GetAllTweets-TwitterAPI"],"dependencies":[],"dependents":[],"parameterHints":{"workflowName":{"value":"816a8430-e1c0-4590-ab8f-7c998092be41"}},"isOnPremiseConnection":false,"bypassConsent":false,"dataSets":{},"apiTier":"Standard","isCustomApiConnection":false},"323e557e-439c-4c8d-b120-85816fe50da6":{"id":"11e881c1-76d9-4a7a-bcd9-253fdf878539","displayName":"Twitter","iconUri":"https://connectoricons-prod.azureedge.net/twitter/icon_1.0.1308.1899.png","dataSources":["Twitter"],"dependencies":[],"dependents":[],"parameterHints":{},"isOnPremiseConnection":false,"bypassConsent":false,"dataSets":{},"apiTier":"Standard","isCustomApiConnection":false},"a24f3d59-4ed5-45ee-b5db-01f272002487":{"id":"83dd42dd-f436-408d-9507-f60f75e164f8","displayName":"RSS","iconUri":"https://connectoricons-prod.azureedge.net/rss/icon_1.0.1307.1893.png","dataSources":["RSS"],"dependencies":[],"dependents":[],"parameterHints":{},"isOnPremiseConnection":false,"bypassConsent":false,"dataSets":{},"apiTier":"Standard","isCustomApiConnection":false},"1c81fc72-29c5-48a9-8a45-d445941183c9":{"id":"8354b3c4-7cd7-42b0-990f-0a999c2296db","displayName":"MVP","iconUri":"https://prodapiicons.cdn.powerappscdn.net/20191203t000000zaec343d39f284caeab7c39ad1edf2c84/customconnectoricon.png","dataSources":["MVPProduction"],"dependencies":[],"dependents":[],"parameterHints":{},"isOnPremiseConnection":false,"bypassConsent":false,"dataSets":{},"apiTier":"Standard","isCustomApiConnection":true},"fdebb56b-1ede-4553-91a9-4a6a2cc8f360":{"id":"2724961b-e38f-4197-b47c-3c5d9c4d85ef","displayName":"Logic flows","iconUri":"https://resourcestackdeploy.blob.core.windows.net/scripts/13276078.png","dataSources":["TargetMVP-GetYTvideosdetails-YouTubeAPI"],"dependencies":[],"dependents":[],"parameterHints":{"workflowName":{"value":"c52e987f-4f8c-4c44-a7dc-3a5e1b680af8"}},"isOnPremiseConnection":false,"bypassConsent":false,"dataSets":{},"apiTier":"Standard","isCustomApiConnection":false}},"databaseReferences":{},"almMode":"Solution","performanceOptimizationEnabled":false},"isAppComponentLibrary":false,"appComponents":[]}}