{"schemaVersion":"1.0","appDefinitionTemplate":{"id":"/providers/Microsoft.PowerApps/apps/","type":"Microsoft.PowerApps/apps","tags":{"minimumRequiredApiVersion":"2.2.0","primaryDeviceWidth":"1366","primaryDeviceHeight":"768","sienaVersion":"20200311T194435Z-3.20023.3.0","deviceCapabilities":"","supportsPortrait":"false","supportsLandscape":"true","primaryFormFactor":"Tablet","publisherVersion":"3.20023.3","hasComponent":"true","hasUnlockedComponent":"true"},"properties":{"appVersion":"2020-03-11T19:44:35Z","lifeCycleId":"Published","createdByClientVersion":{"major":3,"minor":20023,"build":3,"revision":0,"majorRevision":0,"minorRevision":0},"minClientVersion":{"major":3,"minor":20023,"build":3,"revision":0,"majorRevision":0,"minorRevision":0},"backgroundColor":"rgba(0, 99, 177, 1)","backgroundImageUri":"/3531534183999896256/N25c6a3ba-ff22-4e24-8242-c7c850484c52-logoSmallFile","displayName":"Power MVP","description":"Manage MVP Contributions.","commitMessage":"","appUris":{"documentUri":{"value":"/3531534183999896256/Nf07e0c69-205e-41d7-a37c-4783447a35cd-document.msapp","readonlyValue":"/3531534183999896256/Nf07e0c69-205e-41d7-a37c-4783447a35cd-document.msapp"},"imageUris":[]},"createdTime":"0001-01-01T00:00:00Z","lastModifiedTime":"0001-01-01T00:00:00Z","sharedGroupsCount":0,"sharedUsersCount":0,"icons":{"smallIconUri":"/3531534183999896256/N62273fc7-62fa-4fbe-93a4-64f383609b08-small.png","mediumIconUri":"/3531534183999896256/N2382e493-dc97-4280-bae6-024b6fb40b3e-medium.png","largeIconUri":"/3531534183999896256/Nb2d53d8c-fe81-4ac5-9f9b-f2212acd009e-large.png","wideIconUri":"/3531534183999896256/Nb53f11e5-ef14-4420-86d1-fd83a55f0aec-wide.png"},"connectionReferences":{"a24f3d59-4ed5-45ee-b5db-01f272002487":{"id":"83dd42dd-f436-408d-9507-f60f75e164f8","displayName":"RSS","iconUri":"https://connectoricons-prod.azureedge.net/rss/icon_1.0.1307.1893.png","dataSources":["RSS"],"dependencies":[],"dependents":[],"parameterHints":{},"isOnPremiseConnection":false,"bypassConsent":false,"dataSets":{},"apiTier":"Standard","isCustomApiConnection":false},"1c81fc72-29c5-48a9-8a45-d445941183c9":{"id":"8354b3c4-7cd7-42b0-990f-0a999c2296db","displayName":"MVP","iconUri":"https://prodapiicons.cdn.powerappscdn.net/20191203t000000zaec343d39f284caeab7c39ad1edf2c84/customconnectoricon.png","dataSources":["MVPProduction"],"dependencies":[],"dependents":[],"parameterHints":{},"isOnPremiseConnection":false,"bypassConsent":false,"dataSets":{},"apiTier":"Standard","isCustomApiConnection":true},"9b46b39d-cfb1-404f-8ecb-76b3c6acd32a":{"id":"2724961b-e38f-4197-b47c-3c5d9c4d85ef","displayName":"Logic flows","iconUri":"https://resourcestackdeploy.blob.core.windows.net/scripts/13276078.png","dataSources":["PowerMVP-GetAllTweets-TwitterAPI"],"dependencies":[],"dependents":[],"parameterHints":{"workflowName":{"value":"638361a1-cbf4-497a-a94b-c0c3a2fefe8e"}},"isOnPremiseConnection":false,"bypassConsent":false,"dataSets":{},"apiTier":"Standard","isCustomApiConnection":false},"951fcf72-d37f-4190-b6ba-e9435616e9e1":{"id":"2724961b-e38f-4197-b47c-3c5d9c4d85ef","displayName":"Logic flows","iconUri":"https://resourcestackdeploy.blob.core.windows.net/scripts/13276078.png","dataSources":["PowerMVP-GetYTvideosdetails-YouTubeAPI"],"dependencies":[],"dependents":[],"parameterHints":{"workflowName":{"value":"04e4273c-2e41-4452-9bd3-6e95411e23a2"}},"isOnPremiseConnection":false,"bypassConsent":false,"dataSets":{},"apiTier":"Standard","isCustomApiConnection":false}},"databaseReferences":{},"almMode":"Environment","performanceOptimizationEnabled":false},"isAppComponentLibrary":false,"appComponents":[]}}